"id","name","created_at","updated_at",
"1","Alvertatown","2022-01-16 17:27:24","2022-01-16 17:27:24",
"2","Lake Mellie","2022-01-16 17:27:24","2022-01-16 17:27:24",
"3","East Ruthside","2022-01-16 17:27:24","2022-01-16 17:27:24",
"4","Lake Maria","2022-01-16 17:27:24","2022-01-16 17:27:24",
"5","North Claud","2022-01-16 17:27:24","2022-01-16 17:27:24",
"6","Vandervortton","2022-01-16 17:27:24","2022-01-16 17:27:24",
"7","North Cristian","2022-01-16 17:27:24","2022-01-16 17:27:24",
"8","Kelleyville","2022-01-16 17:27:24","2022-01-16 17:27:24",
"9","Jameyborough","2022-01-16 17:27:24","2022-01-16 17:27:24",
"10","Bernardmouth","2022-01-16 17:27:24","2022-01-16 17:27:24",
